<?xml version="1.0"?>
<root>

<language lang="English">
	<movie name="Mile 22 2018" type=" Adventure" link="http://movie.com/Mile.mp4" picture="http://image.com/movie.jpg" Des="An elite American intelligence officer, aided by a top-secret tactical command unit, tries to smuggle a mysterious police officer with sensitive information out of the country." sub="http://subtitle-url.com/movie.txt"/>
	<movie name="The Meg 2018" type="Si-Fi" link="http://movie.com/The-Meg.mp4" picture="http://image.com/movie.jpg" Des="After escaping an attack by what he claims was a 70-foot shark, Jonas Taylor must confront his fears to save those trapped in a sunken submersible." sub="http://subtitle-url.com/movie.srt"/>
	<movie name="Christopher Robin 2018" type="Comedy" link="http://movie.com/Christopher-Robin.mp4" picture="http://image.com/movie.jpg" Des="A working-class family man, Christopher Robin, encounters his childhood friend Winnie-the-Pooh, who helps him to rediscover the joys of life." sub="http://subtitle-url.com/movie.srt"/>
	<movie name="The Equalizer 2 2018" type="Crime" link="http://movie.com/The-Equalizer.mp4" picture="http://image.com/movie.jpg" Des="Robert McCall serves an unflinching justice for the exploited and oppressed, but how far will he go when that is someone he loves?" sub="http://subtitle-url.com/movie.txt"/>
	
</language>
<language lang="Arabic">
	<movie name="Dawaer Al Khatar 2018" type="Action" link="http://movie.com/Dawaer-Al-Khatar.mp4" picture="http://image.com/movie.jpg" Des="بعد وقوع جريمة قتل غامضة، يأتي الدور على كل من الضابطين عبدالرحمن وناصر اللذان يعملان في المباحث الجنائية للكشف عن الغموض وراء هذه الجريمة" sub=""/>
	<movie name="Etl3oly Bara" type="Comedy" link="http://movie.com/Etl3oly-Bara.mp4" picture="http://image.com/movie.jpg" Des="تدور أحداث الفيلم في إطار من الكوميديا حول شخص يعيش في حارة شعبية، يجد في أحد الأيام كتاب اسمه اطلعولي بره، يتحدث عن وجود شخصيات بداخل كل فرد،" sub=""/>
	<movie name="Kaf Al Amar" type="Drama" link="http://movie.com/Kaf-Al-Amar.mp4" picture="http://image.com/movie.jpg" Des="دراما إنسانية ترصد حياة سيدةٍ صعيديةٍ تُدعى قمر (وفاء عامر) لها خمسة أبناء وهم بالنسبة لها ككف يدها فتريدهم دائمًا متشابكين ومترابطين،" sub=""/>
</language>

<language lang="Animation">
	<movie name="Incredibles 2 2018" type="Animation" link="http://movie.com/Incredibles.mp4" picture="http://image.com/movie.jpg" Des=" " sub=" "/>
	<movie name="Zoo Wars 2018" type="Animation" link="http://movie.com/Zoo-Wars.mp4" picture="http://image.com/movie.jpg" Des=" " sub=" "/>
	<movie name="Trolled 2018" type="Animation" link="http://movie.com/Trolled.mp4" picture="http://image.com/movie.jpg" Des=" " sub=" "/>
</language>

</root>
